label,precision,recall,f1-score,support
Consumer,0.5833333333333334,0.4077669902912621,0.48,103.0
Corporate,0.2962962962962963,0.2711864406779661,0.2831858407079646,59.0
Home Office,0.2602739726027397,0.5135135135135135,0.34545454545454546,37.0
accuracy,0.3869346733668342,0.3869346733668342,0.3869346733668342,0.3869346733668342
macro avg,0.3799678674107898,0.3974889814942473,0.36954679538750335,199.0
weighted avg,0.4381655869402823,0.3869346733668342,0.3966320742893874,199.0
